{"ㄌㄧㄥ": "ling", "ㄩㄢ": "yuan", "ㄒㄧㄥ": "xing", "ㄑㄧㄡ": "qiu", "ㄊㄧㄢ": "tian", "ㄎㄨㄚ": "kua", "ㄨ": "wu", "ㄧㄣ": "yin", "ㄧ": "yi", "ㄒㄧㄝ": "xie", "ㄔㄡ": "chou", "ㄋㄨㄛ": "nuo", "ㄉㄢ": "dan", "ㄒㄩ": "xu", "ㄒㄩㄥ": "xiong", "ㄌㄧㄡ": "liu", "ㄌㄧㄣ": "lin", "ㄒㄧㄤ": "xiang", "ㄩㄥ": "yong", "ㄒㄧㄣ": "xin", "ㄓㄣ": "zhen", "ㄉㄞ": "dai", "ㄆㄢ": "pan", "ㄖㄨ": "ru", "ㄇㄚ": "ma", "ㄑㄧㄢ": "qian", "ㄘ": "ci", "ㄓㄨㄥ": "zhong", "ㄋㄟ": "nei", "ㄔㄥ": "cheng", "ㄈㄥ": "feng", "ㄓㄨㄛ": "zhuo", "ㄈㄤ": "fang", "ㄠ": "ao", "ㄗㄨㄛ": "zuo", "ㄓㄡ": "zhou", "ㄉㄨㄥ": "dong", "ㄙㄨ": "su", "ㄑㄩㄥ": "qiong", "ㄎㄨㄤ": "kuang", "ㄨㄤ": "wang", "ㄌㄟ": "lei", "ㄋㄠ": "nao", "ㄓㄨ": "zhu", "ㄕㄨ": "shu", "ㄕㄣ": "shen", "ㄐㄧㄝ": "jie", "ㄉㄧㄝ": "die", "ㄔ": "chi", "ㄌㄨㄥ": "long", "ㄧㄥ": "ying", "ㄅㄥ": "beng", "ㄌㄢ": "lan", "ㄇㄧㄠ": "miao", "ㄌㄧ": "li", "ㄐㄧ": "ji", "ㄩ": "yu", "ㄌㄨㄛ": "luo", "ㄔㄞ": "chai", "ㄏㄨㄣ": "hun", "ㄏㄨㄟ": "hui", "ㄖㄠ": "rao", "ㄏㄢ": "han", "ㄒㄧ": "xi", "ㄊㄞ": "tai", "ㄧㄠ": "yao", "ㄐㄩㄣ": "jun", "ㄌㄩㄝ": "lve", "ㄊㄤ": "tang", "ㄓㄠ": "zhao", "ㄓㄞ": "zhai", "ㄓㄚ": "zha", "ㄦ": "er", "ㄖㄢ": "ran", "ㄑㄧ": "qi", "ㄙㄜ": "se", "ㄙ": "si", "ㄙㄚ": "sa", "ㄎㄨㄟ": "kui", "ㄆㄨ": "pu", "ㄊㄚ": "ta", "ㄉㄨ": "du", "ㄊㄨ": "tu", "ㄧㄤ": "yang", "ㄡ": "ou", "ㄇㄧㄢ": "mian", "ㄨㄣ": "wen", "ㄉㄧㄠ": "diao", "ㄇㄧㄝ": "mie", "ㄨㄚ": "wa", "ㄋㄧㄠ": "niao", "ㄧㄡ": "you", "ㄔㄜ": "che", "ㄑㄩㄢ": "quan", "ㄘㄞ": "cai", "ㄌㄧㄤ": "liang", "ㄍㄨ": "gu", "ㄇㄠ": "mao", "ㄍㄨㄚ": "gua", "ㄙㄨㄟ": "sui", "ㄇㄢ": "man", "ㄕ": "shi", "ㄎㄡ": "kou", "ㄊㄧㄥ": "ting", "ㄅㄧㄥ": "bing", "ㄏㄨㄛ": "huo", "ㄍㄨㄥ": "gong", "ㄑㄧㄣ": "qin", "ㄐㄩㄥ": "jiong", "ㄌㄨ": "lu", "ㄋㄢ": "nan", "ㄅㄧ": "bi", "ㄑㄧㄚ": "qia", "ㄆㄧ": "pi", "ㄉㄧㄢ": "dian", "ㄈㄨ": "fu", "ㄍㄜ": "ge", "ㄅㄞ": "bai", "ㄍㄢ": "gan", "ㄒㄩㄢ": "xuan", "ㄌㄤ": "lang", "ㄕㄜ": "she", "ㄏㄨㄚ": "hua", "ㄊㄡ": "tou", "ㄆㄧㄢ": "pian", "ㄉㄧ": "di", "ㄖㄨㄢ": "ruan", "ㄜ": "e", "ㄑㄧㄝ": "qie", "ㄉㄡ": "dou", "ㄖㄨㄟ": "rui", "ㄘㄨㄟ": "cui", "ㄐㄧㄢ": "jian", "ㄔㄨㄥ": "chong", "ㄉㄥ": "deng", "ㄐㄩㄝ": "jue", "ㄒㄩㄝ": "xue", "ㄒㄧㄠ": "xiao", "ㄗㄢ": "zan", "ㄓㄢ": "zhan", "ㄗㄡ": "zou", "ㄘㄡ": "cou", "ㄔㄨㄚ": "chua", "ㄈㄟ": "fei", "ㄅㄟ": "bei", "ㄔㄨ": "chu", "ㄅㄚ": "ba", "ㄎㄨㄞ": "kuai", "ㄒㄧㄚ": "xia", "ㄏㄜ": "he", "ㄅㄧㄝ": "bie", "ㄌㄩ": "lv", "ㄙㄨㄢ": "suan", "ㄏㄥ": "heng", "ㄍㄨㄟ": "gui", "ㄌㄡ": "lou", "ㄊㄧ": "ti", "ㄌㄜ": "le", "ㄙㄨㄣ": "sun", "ㄒㄧㄢ": "xian", "ㄑㄩㄝ": "que", "ㄓ": "zhi", "ㄐㄧㄚ": "jia", "ㄏㄨ": "hu", "ㄌㄚ": "la", "ㄎㄜ": "ke", "ㄞ": "ai", "ㄨㄟ": "wei", "ㄏㄨㄢ": "huan", "ㄕㄨㄚ": "shua", "ㄕㄨㄤ": "shuang", "ㄍㄞ": "gai", "ㄏㄞ": "hai", "ㄧㄢ": "yan", "ㄈㄢ": "fan", "ㄆㄤ": "pang", "ㄙㄨㄥ": "song", "ㄋㄜ": "ne", "ㄔㄣ": "chen", "ㄍㄨㄛ": "guo", "ㄣ": "en", "ㄋㄍ": "ng", "ㄆㄚ": "pa", "ㄈㄚ": "fa", "ㄆㄡ": "pou", "ㄏㄡ": "hou", "ㄑㄩ": "qu", "ㄒㄩㄣ": "xun", "ㄋㄧㄝ": "nie", "ㄏㄨㄥ": "hong", "ㄊㄨㄣ": "tun", "ㄨㄞ": "wai", "ㄕㄡ": "shou", "ㄧㄝ": "ye", "ㄐㄩ": "ju", "ㄙㄡ": "sou", "ㄌㄨㄣ": "lun", "ㄋㄧㄚ": "nia", "ㄆㄣ": "pen", "ㄈㄣ": "fen", "ㄔㄨㄣ": "chun", "ㄋㄧㄡ": "niu", "ㄖㄡ": "rou", "ㄉㄨㄛ": "duo", "ㄗㄜ": "ze", "ㄕㄥ": "sheng", "ㄎㄨ": "ku", "ㄧㄚ": "ya", "ㄓㄨㄟ": "zhui", "ㄍㄡ": "gou", "ㄅㄛ": "bo", "ㄋㄚ": "na", "ㄒㄧㄡ": "xiu", "ㄘㄨ": "cu", "ㄎㄨㄛ": "kuo", "ㄌㄠ": "lao", "ㄘㄨㄥ": "cong", "ㄉㄚ": "da", "ㄆㄛ": "po", "ㄙㄞ": "sai", "ㄌㄥ": "leng", "ㄖㄨㄥ": "rong", "ㄋㄧ": "ni", "ㄆㄠ": "pao", "ㄎㄢ": "kan", "ㄨㄥ": "weng", "ㄨㄢ": "wan", "ㄏㄠ": "hao", "ㄐㄧㄥ": "jing", "ㄊㄢ": "tan", "ㄅㄨ": "bu", "ㄗㄤ": "zang", "ㄐㄧㄡ": "jiu", "ㄇㄟ": "mei", "ㄇㄨ": "mu", "ㄉㄨㄟ": "dui", "ㄅㄤ": "bang", "ㄅㄠ": "bao", "ㄔㄤ": "chang", "ㄓㄤ": "zhang", "ㄗㄨㄥ": "zong", "ㄍㄨㄣ": "gun", "ㄌㄧㄠ": "liao", "ㄔㄢ": "chan", "ㄓㄜ": "zhe", "ㄇㄥ": "meng", "ㄑㄧㄠ": "qiao", "ㄋㄤ": "nang", "ㄩㄣ": "yun", "ㄎㄞ": "kai", "ㄍㄠ": "gao", "ㄊㄠ": "tao", "ㄕㄢ": "shan", "ㄌㄞ": "lai", "ㄅㄢ": "ban", "ㄎㄨㄥ": "kong", "ㄔㄨㄛ": "chuo", "ㄋㄨ": "nu", "ㄆㄟ": "pei", "ㄆㄥ": "peng", "ㄘㄢ": "can", "ㄙㄨㄛ": "suo", "ㄊㄨㄥ": "tong", "ㄑㄧㄤ": "qiang", "ㄙㄠ": "sao", "ㄓㄨㄢ": "zhuan", "ㄢ": "an", "ㄔㄚ": "cha", "ㄕㄚ": "sha", "ㄌㄧㄢ": "lian", "ㄇㄧ": "mi", "ㄋㄡ": "nou", "ㄘㄠ": "cao", "ㄙㄣ": "sen", "ㄋㄣ": "nen", "ㄋㄧㄢ": "nian", "ㄇㄞ": "mai", "ㄩㄝ": "yue", "ㄋㄞ": "nai", "ㄏㄨㄞ": "huai", "ㄗ": "zi", "ㄌㄨㄢ": "luan", "ㄉㄧㄥ": "ding", "ㄇㄤ": "mang", "ㄋㄧㄥ": "ning", "ㄇㄧㄥ": "ming", "ㄗㄨㄟ": "zui", "ㄎㄤ": "kang", "ㄉㄜ": "de", "ㄅㄧㄢ": "bian", "ㄐㄧㄣ": "jin", "ㄔㄨㄟ": "chui", "ㄊㄨㄟ": "tui", "ㄗㄚ": "za", "ㄘㄣ": "cen", "ㄇㄧㄣ": "min", "ㄏㄨㄤ": "huang", "ㄗㄨ": "zu", "ㄘㄨㄛ": "cuo", "ㄊㄨㄛ": "tuo", "ㄑㄩㄣ": "qun", "ㄅㄧㄣ": "bin", "ㄊㄧㄠ": "tiao", "ㄍㄤ": "gang", "ㄉㄨㄢ": "duan", "ㄅㄧㄠ": "biao", "ㄉㄠ": "dao", "ㄖㄨㄣ": "run", "ㄐㄧㄠ": "jiao", "ㄨㄛ": "wo", "ㄘㄨㄢ": "cuan", "ㄖㄣ": "ren", "ㄇㄣ": "men", "ㄓㄨㄣ": "zhun", "ㄎㄨㄣ": "kun", "ㄔㄨㄤ": "chuang", "ㄗㄠ": "zao", "ㄓㄥ": "zheng", "ㄆㄧㄣ": "pin", "ㄅㄣ": "ben", "ㄐㄧㄤ": "jiang", "ㄐㄩㄢ": "juan", "ㄘㄥ": "ceng", "ㄏㄤ": "hang", "ㄋㄧㄣ": "nin", "ㄌㄧㄝ": "lie", "ㄍㄨㄤ": "guang", "ㄙㄢ": "san", "ㄊㄜ": "te", "ㄕㄨㄣ": "shun", "ㄕㄨㄟ": "shui", "ㄔㄠ": "chao", "ㄘㄜ": "ce", "ㄍㄨㄞ": "guai", "ㄎㄥ": "keng", "ㄕㄞ": "shai", "ㄉㄣ": "den", "ㄊㄨㄢ": "tuan", "ㄆㄧㄠ": "piao", "ㄑㄧㄥ": "qing", "ㄍㄥ": "geng", "ㄔㄨㄞ": "chuai", "ㄕㄠ": "shao", "ㄍㄣ": "gen", "ㄋㄨㄢ": "nuan", "ㄖㄥ": "reng", "ㄇㄡ": "mou", "ㄆㄞ": "pai", "ㄤ": "ang", "ㄎㄚ": "ka", "ㄍㄨㄢ": "guan", "ㄕㄨㄛ": "shuo", "ㄏㄣ": "hen", "ㄔㄨㄢ": "chuan", "ㄎㄨㄢ": "kuan", "ㄏㄟ": "hei", "ㄇㄛ": "mo", "ㄗㄞ": "zai", "ㄋㄥ": "neng", "ㄕㄨㄞ": "shuai", "ㄖㄜ": "re", "ㄋㄩ": "nv", "ㄆㄧㄥ": "ping", "ㄘㄤ": "cang", "ㄋㄨㄥ": "nong", "ㄎㄠ": "kao", "ㄗㄨㄢ": "zuan", "ㄎㄣ": "ken", "ㄍㄚ": "ga", "ㄗㄣ": "zen", "ㄉㄤ": "dang", "ㄗㄥ": "zeng", "ㄉㄨㄣ": "dun", "ㄘㄚ": "ca", "ㄖㄤ": "rang", "ㄘㄨㄣ": "cun", "ㄖㄨㄛ": "ruo", "ㄊㄧㄝ": "tie", "ㄊㄥ": "teng", "ㄙㄥ": "seng", "ㄖ": "ri", "ㄗㄨㄣ": "zun", "ㄋㄧㄤ": "niang", "ㄋㄩㄝ": "nve", "ㄙㄤ": "sang", "ㄓㄨㄤ": "zhuang", "ㄕㄤ": "shang", "ㄆㄧㄝ": "pie", "ㄕㄨㄢ": "shuan", "ㄈㄡ": "fou", "ㄉㄧㄡ": "diu", "ㄇㄜ": "me", "ㄈㄛ": "fo", "ㄌㄧㄚ": "lia", "ㄎㄟ": "kei", "ㄏㄚ": "ha", "ㄚ": "a", "ㄌㄛ": "lo", "ㄧㄛ": "yo", "ㄛ": "o", "ㄏㄋㄍ": "hng", "ㄋ": "n", "ㄌㄣ": "len", "ㄉㄧㄚ": "dia", "ㄇㄧㄡ": "miu", "ㄉㄟ": "dei", "ㄏㄇ": "hm", "ㄋㄨㄣ": "nun", "ㄓㄨㄞ": "zhuai", "ㄊㄟ": "tei", "ㄗㄟ": "zei", "ㄓㄨㄚ": "zhua", "ㄖㄨㄚ": "rua", "ê": "ê", "ㄟ": "ei", "ㄍㄟ": "gei", "ㄈㄧㄠ": "fiao", "ㄕㄟ": "shei", "ㄓㄟ": "zhei", "ㄥ": "eng", "ㄘㄟ": "cei", "ㄉㄧㄣ": "din", "ㄅㄧㄤ": "biang", "ㄧㄞ": "yai"}
